model_type,nx,nz,nt,dx,dz,dt,c_min,c_max,c_mean,cfl,source_x_index,source_z_index,source_x,source_z,max_abs_amplitude,damping_width,damping_min,damping_max,source_frequency,source_amplitude,source_discretization,solve_time_seconds,interpolation_time_seconds,time_stride,space_stride,num_time_samples,num_x_samples,num_z_samples,num_total_samples,sample_fraction
heterogeneous,70.0,70.0,220.0,0.014492753623188406,0.014492753623188406,0.0027397260273972603,0.800000011920929,2.0,1.2591617107391357,0.5346889633081839,34.0,34.0,0.49275362491607666,0.49275362491607666,0.3264722228050232,10.0,0.9323938488960266,1.0,8.0,1.0,point_delta_scaled_by_cell_area,,,,,,,,,
homogeneous,70.0,70.0,220.0,0.014492753623188406,0.014492753623188406,0.0027397260273972603,1.25,1.25,1.25,0.3341806020676149,34.0,34.0,0.49275362491607666,0.49275362491607666,0.29249104857444763,10.0,0.9323938488960266,1.0,8.0,1.0,point_delta_scaled_by_cell_area,,,,,,,,,
layered,70.0,70.0,220.0,0.014492753623188406,0.014492753623188406,0.0027397260273972603,1.0,1.5,1.25,0.401016722481138,34.0,34.0,0.49275362491607666,0.49275362491607666,0.3264722228050232,10.0,0.9323938488960266,1.0,8.0,1.0,point_delta_scaled_by_cell_area,,,,,,,,,
heterogeneous,36.0,36.0,220.0,0.02857142857142857,0.02857142857142857,0.0027397260273972603,0.800000011920929,2.0,1.2587945461273193,0.2712190393592237,17.0,17.0,0.48571428656578064,0.48571428656578064,0.37248384952545166,10.0,0.9323938488960266,1.0,8.0,1.0,point_delta_scaled_by_cell_area,0.003911018371582031,0.07123613357543945,,,,,,,
sparse_trilinear_interpolation,,,,,,,,,,,,,,,0.11512266844511032,,,,,,,,0.039167165756225586,4.0,4.0,56.0,19.0,19.0,20216.0,0.018753246753246754
