time_index,time,MSE,MAE,Relative_L2_Error,NRMSE,NMAE,Relative_Max_Error,PSNR_dB,Correlation,Energy_Ratio,Mean_Bias,Reference_Max_Abs,Prediction_Max_Abs,Error_Max_Abs
33,0.09041095525026321,2.4251440761727532e-08,1.176148363300249e-05,0.09233077679253307,0.0016622783506108022,0.00012554432465954702,0.08472414836851984,55.58592502605052,0.9978306946082318,0.8705573243959137,2.7016456467736908e-06,0.09368391335010529,0.08574662357568741,0.007937289774417877
66,0.18082191050052643,1.0344412142889674e-05,0.0007232905918052269,0.2872241975505969,0.01973642170211596,0.004438419264071453,0.23867165111518243,34.09463167962323,0.9586485222917632,0.8431069315364009,5.6994006164407984e-05,0.16296130418777466,0.141011580824852,0.03889424353837967
99,0.27123287320137024,0.0001093190222079288,0.0035400770264719765,0.8530851736178783,0.13365350898777556,0.04525277411781052,0.935457896368967,17.480392692653503,0.6099882278584389,0.8574059504128307,1.0546456961941016e-05,0.07822895050048828,0.05842042714357376,0.07317988574504852
132,0.36164382100105286,0.00023288660324075457,0.0073193404693237705,1.3193278636464885,0.17981211523620677,0.08624196556775483,1.0414105752901295,14.903621001447089,0.114249397641329,0.9651003309225807,3.678982795612649e-05,0.08486982434988022,0.04343171790242195,0.08838433027267456
165,0.45205479860305786,0.0003255817748711087,0.010987206203704365,1.5380953255166518,0.2362887766087095,0.143879965770426,1.0391949518418806,12.531138125343658,-0.24630099222849286,0.9126386076881491,-0.0006841706626876255,0.0763636976480484,0.036606915295124054,0.07935676723718643
198,0.5424657464027405,0.0002647464142655585,0.010496883524305174,1.4176386514846702,0.26553562024253896,0.17130424398503363,1.0926113343402202,11.517544245914383,-0.17819930830378264,0.7544101326735798,0.0011100606032186482,0.061276260763406754,0.037509817630052567,0.06695114076137543
