time_index,time,MSE,MAE,Relative_L2_Error,NRMSE,NMAE,Relative_Max_Error,PSNR_dB,Correlation,Energy_Ratio,Mean_Bias,Reference_Max_Abs,Prediction_Max_Abs,Error_Max_Abs
33,0.09041095525026321,7.69916837674156e-23,2.2691808392514692e-13,5.202350703165265e-09,9.366058909682931e-11,2.4221670061660796e-12,6.237268798430133e-09,inf,0.9999999999999998,0.9999999999999999,2.153378488859314e-13,0.09368391335010529,0.09368391335010529,5.843317496534439e-10
66,0.18082191050052643,5.491727194744214e-10,2.3527176345344513e-06,0.002092775270003363,0.00014380367534761734,1.4437277894042234e-05,0.003984816140244262,76.84460028145612,0.9999978067260691,0.9999961253510407,3.8596838132283524e-07,0.16296130418777466,0.16296130418777466,0.0006493708351626992
99,0.27123287320137024,5.934597124185688e-06,0.0005932241040031509,0.19876510650017123,0.031140681809547342,0.007583178608531226,0.2809948441919169,30.13343766009622,0.9801292958160975,0.9855807716081586,1.4420894068318858e-05,0.07822895050048828,0.07822898775339127,0.02198193222284317
132,0.36164382100105286,7.165022657428167e-05,0.0029274347476448506,0.7317947094665882,0.09973681163995392,0.034493234433670444,0.8582443781447427,20.02289038614031,0.7407537748385586,1.0628803162375993,5.487089724463271e-05,0.08486982434988022,0.06645072996616364,0.07283905148506165
165,0.45205479860305786,8.651980594394067e-05,0.004450045606623024,0.7928864160316226,0.12180659945172441,0.05827435998624344,1.0576951338532097,18.28658362194076,0.6907587804355088,1.0634924341095096,0.00038320047863161795,0.0763636976480484,0.058431338518857956,0.08076950907707214
198,0.5424657464027405,8.863866715892457e-05,0.005413869263022867,0.8202799773770866,0.153645325864421,0.0883518216610232,0.7910119425090862,16.269612942732795,0.661200690737923,0.9637634707810087,-0.0012224436439436802,0.061276260763406754,0.054479777812957764,0.048470254987478256
