time_index,time,MSE,MAE,Relative_L2_Error,NRMSE,PSNR_dB,Correlation,Reference_Max_Abs,Prediction_Max_Abs,Error_Max_Abs
60,0.15062761306762695,1.395563563947582e-07,0.0003039610172752705,4.058926430035507,0.10379006297342486,19.67688449090585,-0.0659403167675533,0.0035993081983178854,0.0009546705987304449,0.0029143502470105886
108,0.27112969756126404,1.2418938168745166e-07,0.0002937194271217957,2.2773492166505576,0.36195551032439355,8.82689614779111,0.12789574129829595,0.0009736145148053765,0.0008819332579150796,0.0010825102217495441
156,0.3916318118572235,1.6585714692184655e-07,0.0003467273881064079,2.685260728655226,0.3992307773978257,7.975519711480496,-0.061346491753236324,0.0010201007826253772,0.0008738792967051268,0.0011943468125537038
204,0.5121338963508606,1.2252788218756628e-07,0.00028855671833647844,2.4454823134664014,0.4559285978353203,6.82206332189402,0.018252822628453506,0.0007677514222450554,0.0008273152634501457,0.0011714835418388247
