time_index,time,MSE,MAE,Relative_L2_Error,NRMSE,NMAE,Relative_Max_Error,PSNR_dB,Correlation,Energy_Ratio,Mean_Bias,Reference_Max_Abs,Prediction_Max_Abs,Error_Max_Abs
33,0.09041095525026321,2.225434448614222e-06,0.0011763687734142264,0.884474100276798,0.015923641061416804,0.012556785165645564,0.1536707925740983,35.95915241025783,0.7473036413752908,1.7756139893664291,-3.135650982693996e-05,0.09368391335010529,0.07928743213415146,0.014396481215953827
66,0.18082191050052643,2.048151999052181e-06,0.0011354420666501053,0.12780540147574537,0.008782064049075108,0.006967556330684337,0.0661376382250862,41.128067996742715,0.9920382602165407,1.022803512762404,0.0001201273934237536,0.16296130418777466,0.16884228587150574,0.010777875781059265
99,0.27123287320137024,1.8933228083240901e-06,0.0010861007735751798,0.11226822548031039,0.017589149064259173,0.01388361682761423,0.06964604719634215,35.09510341055042,0.9937560215523213,1.0116473890476698,3.8809021846963075e-05,0.07822895050048828,0.07618185132741928,0.0054483371786773205
132,0.36164382100105286,1.8410408692776832e-06,0.0010570326227998656,0.1173038310709769,0.015987420997753417,0.012454752097072738,0.06524753896375526,35.924431771703816,0.9931456494844719,1.0006606166236238,7.931263552811058e-05,0.08486982434988022,0.08405297994613647,0.005537547171115875
165,0.45205479860305786,1.5841463438745123e-06,0.0009898438013038146,0.10728792818078701,0.016482029997851918,0.012962229852539253,0.07675897899791226,35.65978599528866,0.9941621435361777,0.9977768375445017,-1.8803670272969136e-05,0.0763636976480484,0.07215570658445358,0.005861599463969469
198,0.5424657464027405,1.4878847300122467e-06,0.0009549294014777524,0.1062759866524121,0.019906384467636828,0.015584002508978512,0.09113066070608164,34.020152246304185,0.9942832922805399,0.9910186023809803,5.743302100712694e-05,0.061276260763406754,0.06094483286142349,0.005584145896136761
