time_index,time,MSE,MAE,Relative_L2_Error
60,0.14457831325301204,4.3919068e-10,1.6974942e-05,13.852514
100,0.24096385542168672,4.8262927e-10,1.7669352e-05,13.903841
140,0.3373493975903614,4.7337173e-10,1.7651799e-05,13.449493
180,0.4337349397590361,4.829669e-10,1.7603848e-05,14.083622
