mode,num_snapshots,Mean_MSE,Mean_MAE,Mean_Relative_L2_Error,Mean_NRMSE,Mean_PSNR_dB,Mean_Correlation,FDM_time_seconds,PINN_training_time_seconds
synthetic,4,1.3803269179790567e-07,0.00030824113770998817,2.8667546722019233,0.3302262371327411,10.825340918017869,0.004715438851489959,0.007826805114746094,1772.0350229740143
