mode,scenario,source_case,num_snapshots,Mean_MSE,Mean_MAE,Mean_Relative_L2_Error,Mean_NRMSE,Mean_PSNR_dB,Mean_Correlation,Homogeneous_Mean_Relative_L2_Error,Homogeneous_Mean_NRMSE,Homogeneous_Mean_Correlation,Layered_Mean_Relative_L2_Error,Layered_Mean_NRMSE,Layered_Mean_Correlation,Coarse_Mean_Relative_L2_Error,Coarse_Mean_NRMSE,Coarse_Mean_Correlation,SparseInterp_Mean_Relative_L2_Error,SparseInterp_Mean_NRMSE,SparseInterp_Mean_Correlation,SparseInterp_sample_fraction,FDM_time_seconds,Homogeneous_FDM_time_seconds,Layered_FDM_time_seconds,Coarse_FDM_time_seconds,SparseInterp_time_seconds,VelocityDiagnostic_apparent_velocity,Neural_model_name,Neural_display_name,PINN_training_time_seconds
synthetic,heterogeneous,multi_source,6,2.6510272723309992e-06,0.0012689132761196421,0.15318081862900035,0.01592244360513721,36.142268492494246,0.9842593050386976,0.9968338405482463,0.15717190274501927,0.34440201257607633,0.5025968926749947,0.08345284002142611,0.8576107094440714,0.7895169644052435,0.119452961146107,0.6500677400387637,0.5580459955861995,0.07266535611683801,0.8392400201523326,0.018753246753246754,0.008285999298095703,0.00721287727355957,0.006518125534057617,0.052198171615600586,0.03919100761413574,0.4747634465714683,weak_pde_pinn_heterogeneous_multi_source,Weak-PDE PINN,266.2484951019287
synthetic,faulted,multi_source,6,2.7339109964798034e-06,0.0012957181431430844,0.16287514014548116,0.016524604373686264,35.856415634719035,0.9835212444354124,1.080483203351228,0.15239795941705106,0.33463165499839387,1.0132593258693772,0.14829815745188527,0.5284067632978681,0.8177328967334621,0.11216134718060951,0.5989547069803807,0.5670474963587327,0.06924260565855946,0.8322018312489438,0.018753246753246754,0.007296085357666016,0.006928205490112305,0.006506919860839844,0.05212855339050293,0.03825688362121582,0.36887088228466375,weak_pde_pinn_faulted_multi_source,Weak-PDE PINN,263.50000977516174
